-- phpMyAdmin SQL Dump
-- version 5.2.1
-- https://www.phpmyadmin.net/
--
-- Host: 127.0.0.1
-- Generation Time: Feb 07, 2025 at 12:49 PM
-- Server version: 10.4.32-MariaDB
-- PHP Version: 8.2.12

SET SQL_MODE = "NO_AUTO_VALUE_ON_ZERO";
START TRANSACTION;
SET time_zone = "+00:00";


/*!40101 SET @OLD_CHARACTER_SET_CLIENT=@@CHARACTER_SET_CLIENT */;
/*!40101 SET @OLD_CHARACTER_SET_RESULTS=@@CHARACTER_SET_RESULTS */;
/*!40101 SET @OLD_COLLATION_CONNECTION=@@COLLATION_CONNECTION */;
/*!40101 SET NAMES utf8mb4 */;

--
-- Database: `srm_db`
--

-- --------------------------------------------------------

--
-- Table structure for table `department`
--

CREATE TABLE `department` (
  `DepartmentID` int(11) NOT NULL,
  `DepartmentName` text NOT NULL
) ENGINE=InnoDB DEFAULT CHARSET=utf8mb4 COLLATE=utf8mb4_general_ci;

--
-- Dumping data for table `department`
--

INSERT INTO `department` (`DepartmentID`, `DepartmentName`) VALUES
(1, 'Dry Goods'),
(2, 'Home Improvement'),
(3, 'Grocery');

-- --------------------------------------------------------

--
-- Table structure for table `notification`
--

CREATE TABLE `notification` (
  `norificationID` int(11) NOT NULL,
  `product_id` int(11) NOT NULL,
  `notification_date` date DEFAULT NULL
) ENGINE=InnoDB DEFAULT CHARSET=utf8mb4 COLLATE=utf8mb4_general_ci;

--
-- Dumping data for table `notification`
--

INSERT INTO `notification` (`norificationID`, `product_id`, `notification_date`) VALUES
(1, 1, '2025-01-31'),
(2, 2, '2025-01-30'),
(3, 22, '2025-02-01');

-- --------------------------------------------------------

--
-- Table structure for table `product`
--

CREATE TABLE `product` (
  `product_id` int(120) NOT NULL,
  `product_name` varchar(120) NOT NULL,
  `category` enum('Dairy','Fruits','Vegetable','Tools','Consumables','Cleaning','Gardening','Hygiene','Grains') NOT NULL,
  `DepartmentID` int(1) NOT NULL,
  `price` int(120) NOT NULL,
  `stock` int(120) NOT NULL
) ENGINE=InnoDB DEFAULT CHARSET=utf8mb4 COLLATE=utf8mb4_general_ci;

--
-- Dumping data for table `product`
--

INSERT INTO `product` (`product_id`, `product_name`, `category`, `DepartmentID`, `price`, `stock`) VALUES
(1, 'Apple', 'Fruits', 3, 2, 100),
(2, 'Milk', 'Dairy', 3, 3, 50),
(3, 'Hammer', 'Tools', 2, 16, 20),
(4, 'Toilet Paper', 'Hygiene', 1, 6, 193),
(5, 'Rice', 'Grains', 3, 3, 200),
(6, 'Butter', 'Dairy', 3, 4, 60),
(7, 'Wrench', 'Tools', 2, 19, 20),
(8, 'Facial Tissue', 'Hygiene', 1, 3, 84),
(9, 'Orange', 'Fruits', 3, 1, 180),
(10, 'Yogurt', 'Dairy', 3, 3, 50),
(11, 'Drill', 'Tools', 2, 45, 15),
(12, 'Laundry Detergent', 'Cleaning', 1, 9, 70),
(13, 'Bread', 'Grains', 3, 2, 150),
(14, 'Cheese', 'Dairy', 3, 4, 30),
(15, 'Nails', 'Tools', 2, 0, 500),
(16, 'Cleaning Spray', 'Cleaning', 1, 6, 90),
(17, 'Banana', 'Fruits', 3, 1, 120),
(18, 'Cream', 'Dairy', 3, 2, 40),
(19, 'Hammer', 'Tools', 2, 16, 25),
(20, 'Aluminum Foil', 'Consumables', 1, 4, 60),
(21, 'Pasta', 'Grains', 3, 2, 200),
(22, 'Eggs', 'Dairy', 3, 3, 100),
(23, 'Saw', 'Tools', 2, 23, 10),
(24, 'Trash Bags', 'Cleaning', 1, 7, 75),
(25, 'Screws', 'Tools', 2, 2, 150),
(26, 'Milk', 'Dairy', 3, 3, 80),
(27, 'Screwdriver Set', 'Tools', 2, 25, 20),
(28, 'Dish Soap', 'Cleaning', 1, 4, 96),
(29, 'Tomato', 'Fruits', 3, 1, 200),
(30, 'Ice Cream', 'Dairy', 3, 5, 30),
(31, 'Ladder', 'Tools', 2, 70, 5),
(32, 'Rake', 'Gardening', 2, 20, 100),
(33, 'Spade', 'Gardening', 2, 20, 120),
(34, 'Butter Milk', 'Dairy', 3, 3, 40),
(35, 'Cordless Drill', 'Tools', 2, 100, 10),
(36, 'Plant Pots', 'Gardening', 2, 5, 50),
(37, 'Cabbage', 'Vegetable', 3, 4, 150),
(38, 'Feta Cheese', 'Dairy', 3, 5, 30),
(39, 'Grinder', 'Tools', 2, 150, 8),
(40, 'Batteries', 'Consumables', 1, 3, 200),
(41, 'Cereal', 'Grains', 3, 4, 80),
(42, 'Cream Cheese', 'Dairy', 3, 3, 45),
(43, 'Garden Hose', 'Gardening', 2, 35, 15),
(44, 'Paper Plates', 'Consumables', 1, 5, 100);

-- --------------------------------------------------------

--
-- Table structure for table `sales`
--

CREATE TABLE `sales` (
  `sales_id` int(120) NOT NULL,
  `product_id` int(120) NOT NULL,
  `user_id` int(120) NOT NULL,
  `quantity` int(120) NOT NULL,
  `sales_date` date NOT NULL,
  `total_price` decimal(65,0) NOT NULL
) ENGINE=InnoDB DEFAULT CHARSET=utf8mb4 COLLATE=utf8mb4_general_ci;

--
-- Dumping data for table `sales`
--

INSERT INTO `sales` (`sales_id`, `product_id`, `user_id`, `quantity`, `sales_date`, `total_price`) VALUES
(1, 4, 2, 10, '2025-01-31', 60),
(2, 12, 2, 5, '2025-01-31', 45),
(3, 16, 2, 8, '2025-01-31', 48),
(4, 20, 2, 6, '2025-01-31', 24),
(5, 24, 2, 9, '2025-01-31', 63),
(6, 4, 3, 7, '2025-01-31', 42),
(7, 8, 3, 3, '2025-01-31', 9),
(8, 12, 3, 4, '2025-01-31', 36),
(9, 24, 3, 5, '2025-01-31', 35),
(11, 4, 4, 8, '2025-01-31', 48),
(12, 8, 4, 6, '2025-01-31', 18),
(13, 12, 4, 7, '2025-01-31', 63),
(14, 16, 4, 5, '2025-01-31', 30),
(15, 28, 4, 4, '2025-01-31', 16),
(16, 4, 5, 9, '2025-01-31', 54),
(17, 12, 5, 3, '2025-01-31', 27),
(18, 16, 5, 7, '2025-01-31', 42),
(19, 24, 5, 6, '2025-01-31', 42),
(20, 28, 5, 5, '2025-01-31', 20),
(21, 7, 6, 12, '2025-01-31', 228),
(22, 11, 6, 5, '2025-01-31', 225),
(23, 19, 6, 4, '2025-01-31', 64),
(24, 23, 6, 6, '2025-01-31', 138),
(25, 27, 6, 8, '2025-01-31', 200),
(26, 7, 7, 10, '2025-01-31', 190),
(27, 11, 7, 4, '2025-01-31', 180),
(28, 19, 7, 6, '2025-01-31', 96),
(29, 23, 7, 7, '2025-01-31', 161),
(30, 27, 7, 9, '2025-01-31', 225),
(31, 1, 8, 12, '2025-01-31', 24),
(32, 2, 8, 8, '2025-01-31', 24),
(33, 5, 8, 5, '2025-01-31', 15),
(34, 9, 8, 6, '2025-01-31', 6),
(35, 13, 8, 4, '2025-01-31', 8),
(36, 1, 9, 10, '2025-01-31', 20),
(37, 2, 9, 6, '2025-01-31', 18),
(38, 5, 9, 4, '2025-01-31', 12),
(39, 9, 9, 8, '2025-01-31', 8),
(40, 13, 9, 3, '2025-01-31', 6),
(41, 1, 10, 7, '2025-01-31', 14),
(42, 2, 10, 10, '2025-01-31', 30),
(43, 5, 10, 3, '2025-01-31', 9),
(44, 9, 10, 4, '2025-01-31', 4),
(45, 13, 10, 6, '2025-01-31', 12),
(46, 4, 2, 15, '2025-01-31', 90),
(47, 8, 2, 6, '2025-01-31', 18),
(48, 16, 2, 10, '2025-01-31', 60),
(49, 20, 2, 8, '2025-01-31', 32),
(50, 28, 2, 7, '2025-01-31', 28),
(51, 4, 3, 5, '2025-01-31', 30),
(52, 8, 3, 4, '2025-01-31', 12),
(53, 12, 3, 3, '2025-01-31', 27),
(54, 24, 3, 8, '2025-01-31', 56),
(55, 28, 3, 9, '2025-01-31', 36),
(56, 4, 4, 12, '2025-01-31', 72),
(57, 8, 4, 8, '2025-01-31', 24),
(58, 16, 4, 9, '2025-01-31', 54),
(59, 24, 4, 6, '2025-01-31', 42),
(60, 28, 4, 5, '2025-01-31', 20),
(61, 4, 5, 10, '2025-01-31', 60),
(62, 12, 5, 7, '2025-01-31', 63),
(63, 16, 5, 6, '2025-01-31', 36),
(64, 20, 5, 9, '2025-01-31', 54),
(65, 28, 5, 4, '2025-01-31', 16),
(66, 7, 6, 11, '2025-01-31', 209),
(67, 11, 6, 8, '2025-01-31', 360),
(68, 19, 6, 5, '2025-01-31', 80),
(69, 23, 6, 7, '2025-01-31', 161),
(70, 27, 6, 6, '2025-01-31', 150),
(71, 7, 7, 13, '2025-01-31', 247),
(72, 11, 7, 9, '2025-01-31', 405),
(73, 19, 7, 3, '2025-01-31', 48),
(74, 23, 7, 8, '2025-01-31', 184),
(75, 27, 7, 6, '2025-01-31', 150),
(76, 1, 8, 10, '2025-01-31', 20),
(77, 2, 8, 7, '2025-01-31', 21),
(78, 5, 8, 6, '2025-01-31', 18),
(79, 9, 8, 8, '2025-01-31', 8),
(80, 13, 8, 4, '2025-01-31', 8),
(81, 1, 9, 9, '2025-01-31', 18),
(82, 2, 9, 8, '2025-01-31', 24),
(83, 5, 9, 4, '2025-01-31', 12),
(84, 9, 9, 10, '2025-01-31', 10),
(85, 13, 9, 5, '2025-01-31', 10),
(86, 1, 10, 6, '2025-01-31', 12),
(87, 2, 10, 9, '2025-01-31', 27),
(88, 5, 10, 5, '2025-01-31', 15),
(89, 9, 10, 7, '2025-01-31', 7),
(90, 13, 10, 8, '2025-01-31', 16),
(91, 4, 2, 10, '2025-02-01', 60),
(92, 8, 2, 7, '2025-02-01', 21),
(93, 16, 2, 12, '2025-02-01', 72),
(94, 20, 2, 9, '2025-02-01', 36),
(95, 28, 2, 6, '2025-02-01', 24),
(96, 4, 3, 6, '2025-02-01', 36),
(97, 8, 3, 5, '2025-02-01', 15),
(98, 12, 3, 4, '2025-02-01', 36),
(99, 24, 3, 9, '2025-02-01', 63),
(100, 28, 3, 8, '2025-02-01', 32),
(101, 4, 4, 15, '2025-02-01', 90),
(102, 8, 4, 10, '2025-02-01', 30),
(103, 16, 4, 8, '2025-02-01', 48),
(104, 24, 4, 7, '2025-02-01', 49),
(105, 28, 4, 6, '2025-02-01', 24),
(106, 4, 5, 11, '2025-02-01', 66),
(107, 12, 5, 8, '2025-02-01', 72),
(108, 16, 5, 7, '2025-02-01', 42),
(109, 20, 5, 6, '2025-02-01', 36),
(110, 28, 5, 9, '2025-02-01', 36),
(111, 7, 6, 12, '2025-02-01', 228),
(112, 11, 6, 10, '2025-02-01', 450),
(113, 19, 6, 6, '2025-02-01', 96),
(114, 23, 6, 9, '2025-02-01', 207),
(115, 27, 6, 7, '2025-02-01', 175),
(116, 7, 7, 14, '2025-02-01', 266),
(117, 11, 7, 12, '2025-02-01', 540),
(118, 19, 7, 4, '2025-02-01', 64),
(119, 23, 7, 10, '2025-02-01', 230),
(120, 27, 7, 8, '2025-02-01', 200),
(121, 1, 8, 12, '2025-02-01', 24),
(122, 2, 8, 9, '2025-02-01', 27),
(123, 5, 8, 8, '2025-02-01', 24),
(124, 9, 8, 6, '2025-02-01', 6),
(125, 13, 8, 7, '2025-02-01', 14),
(126, 1, 9, 10, '2025-02-01', 20),
(127, 2, 9, 11, '2025-02-01', 33),
(128, 5, 9, 5, '2025-02-01', 15),
(129, 9, 9, 8, '2025-02-01', 8),
(130, 13, 9, 9, '2025-02-01', 18),
(131, 1, 10, 7, '2025-02-01', 14),
(132, 2, 10, 10, '2025-02-01', 30),
(133, 5, 10, 6, '2025-02-01', 18),
(134, 9, 10, 9, '2025-02-01', 9),
(135, 13, 10, 6, '2025-02-01', 12),
(136, 4, 2, 14, '2025-02-01', 84),
(137, 8, 2, 12, '2025-02-01', 36),
(138, 16, 2, 10, '2025-02-01', 60),
(139, 20, 2, 7, '2025-02-01', 28),
(140, 28, 2, 5, '2025-02-01', 20),
(141, 4, 3, 8, '2025-02-01', 48),
(142, 8, 3, 9, '2025-02-01', 27),
(143, 12, 3, 5, '2025-02-01', 45),
(144, 24, 3, 11, '2025-02-01', 77),
(145, 28, 3, 10, '2025-02-01', 40),
(146, 4, 4, 13, '2025-02-01', 78),
(147, 8, 4, 11, '2025-02-01', 33),
(148, 16, 4, 9, '2025-02-01', 54),
(149, 24, 4, 8, '2025-02-01', 56),
(150, 28, 4, 10, '2025-02-01', 40),
(151, 4, 5, 9, '2025-02-01', 54),
(152, 12, 5, 11, '2025-02-01', 99),
(153, 16, 5, 10, '2025-02-01', 60),
(154, 20, 5, 8, '2025-02-01', 48),
(155, 28, 5, 6, '2025-02-01', 24),
(156, 7, 6, 13, '2025-02-01', 247),
(157, 11, 6, 15, '2025-02-01', 675),
(158, 19, 6, 10, '2025-02-01', 160),
(159, 23, 6, 12, '2025-02-01', 276),
(160, 27, 6, 9, '2025-02-01', 225),
(161, 7, 7, 16, '2025-02-01', 304),
(162, 11, 7, 14, '2025-02-01', 630),
(163, 19, 7, 9, '2025-02-01', 144),
(164, 23, 7, 13, '2025-02-01', 299),
(165, 27, 7, 10, '2025-02-01', 250),
(166, 1, 8, 15, '2025-02-01', 30),
(167, 2, 8, 11, '2025-02-01', 33),
(168, 5, 8, 9, '2025-02-01', 27),
(169, 9, 8, 8, '2025-02-01', 8),
(170, 13, 8, 6, '2025-02-01', 12),
(171, 1, 9, 12, '2025-02-01', 24),
(172, 2, 9, 8, '2025-02-01', 24),
(173, 5, 9, 11, '2025-02-01', 33),
(174, 9, 9, 10, '2025-02-01', 10),
(175, 13, 9, 9, '2025-02-01', 18),
(176, 1, 10, 6, '2025-02-01', 12),
(177, 2, 10, 14, '2025-02-01', 42),
(178, 5, 10, 8, '2025-02-01', 24),
(179, 9, 10, 12, '2025-02-01', 12),
(180, 13, 10, 7, '2025-02-01', 14),
(181, 4, 2, 12, '2025-02-02', 72),
(182, 8, 2, 15, '2025-02-02', 45),
(183, 16, 2, 7, '2025-02-02', 42),
(184, 20, 2, 9, '2025-02-02', 36),
(185, 28, 2, 6, '2025-02-02', 24),
(186, 4, 3, 10, '2025-02-02', 60),
(187, 8, 3, 13, '2025-02-02', 39),
(188, 12, 3, 9, '2025-02-02', 81),
(189, 24, 3, 12, '2025-02-02', 84),
(190, 28, 3, 10, '2025-02-02', 40),
(191, 4, 4, 14, '2025-02-02', 84),
(192, 8, 4, 12, '2025-02-02', 36),
(193, 16, 4, 8, '2025-02-02', 48),
(194, 24, 4, 9, '2025-02-02', 63),
(195, 28, 4, 8, '2025-02-02', 32),
(196, 4, 5, 11, '2025-02-02', 66),
(197, 12, 5, 13, '2025-02-02', 117),
(198, 16, 5, 8, '2025-02-02', 48),
(199, 20, 5, 10, '2025-02-02', 60),
(200, 28, 5, 9, '2025-02-02', 36),
(201, 7, 6, 10, '2025-02-02', 190),
(202, 11, 6, 16, '2025-02-02', 720),
(203, 19, 6, 9, '2025-02-02', 144),
(204, 23, 6, 14, '2025-02-02', 322),
(205, 27, 6, 11, '2025-02-02', 275),
(206, 7, 7, 17, '2025-02-02', 323),
(207, 11, 7, 13, '2025-02-02', 585),
(208, 19, 7, 10, '2025-02-02', 160),
(209, 23, 7, 15, '2025-02-02', 345),
(210, 27, 7, 9, '2025-02-02', 225),
(211, 1, 8, 14, '2025-02-02', 28),
(212, 2, 8, 12, '2025-02-02', 36),
(213, 5, 8, 7, '2025-02-02', 21),
(214, 9, 8, 6, '2025-02-02', 6),
(215, 13, 8, 8, '2025-02-02', 16),
(216, 1, 9, 10, '2025-02-02', 20),
(217, 2, 9, 9, '2025-02-02', 27),
(218, 5, 9, 10, '2025-02-02', 30),
(219, 9, 9, 11, '2025-02-02', 11),
(220, 13, 9, 6, '2025-02-02', 12),
(221, 1, 10, 9, '2025-02-02', 18),
(222, 2, 10, 8, '2025-02-02', 24),
(223, 5, 10, 10, '2025-02-02', 30),
(224, 9, 10, 7, '2025-02-02', 7),
(225, 13, 10, 10, '2025-02-02', 20),
(226, 1, 4, 1, '2025-01-31', 2),
(227, 1, 4, 2, '2025-01-31', 4),
(228, 6, 4, 5, '2025-02-01', 20),
(229, 4, 4, 3, '2025-02-01', 18),
(230, 8, 4, 4, '2025-02-01', 12),
(232, 4, 4, 2, '2025-02-03', 12),
(233, 4, 4, 5, '2025-02-03', 30);

-- --------------------------------------------------------

--
-- Table structure for table `user`
--

CREATE TABLE `user` (
  `user_id` int(120) NOT NULL,
  `PersonnelID` int(7) NOT NULL DEFAULT 0,
  `name` varchar(120) NOT NULL,
  `role` enum('Admin','Sales Staff','','') NOT NULL,
  `DepartmentID` int(1) DEFAULT 0,
  `email` varchar(120) NOT NULL,
  `BirthDate` date NOT NULL DEFAULT current_timestamp(),
  `password` varchar(120) NOT NULL
) ENGINE=InnoDB DEFAULT CHARSET=utf8mb4 COLLATE=utf8mb4_general_ci;

--
-- Dumping data for table `user`
--

INSERT INTO `user` (`user_id`, `PersonnelID`, `name`, `role`, `DepartmentID`, `email`, `BirthDate`, `password`) VALUES
(1, 911001, 'Alice Johnson', 'Admin', NULL, 'alice.johnson@example.com', '2001-09-11', 'adminPass123'),
(2, 615002, 'Bob Smith', 'Sales Staff', 1, 'bob.smith@example.com', '2002-06-15', 'salesPass123'),
(3, 129003, 'Catherine Brown', 'Sales Staff', 1, 'catherine.brown@example.com', '2003-01-29', 'salesPass123'),
(4, 817004, 'David Wilson', 'Sales Staff', 1, 'david.wilson@example.com', '2002-08-17', 'salesPass123'),
(5, 401005, 'Emma Davis', 'Sales Staff', 1, 'emma.davis@example.com', '2006-04-01', 'salesPass123'),
(6, 724006, 'Frank Garcia', 'Sales Staff', 2, 'frank.garcia@example.com', '1998-07-24', 'salesPass123'),
(7, 312007, 'Grace Lee', 'Sales Staff', 2, 'grace.lee@example.com', '2000-03-12', 'salesPass123'),
(8, 1218008, 'Henry Martinez', 'Sales Staff', 3, 'henry.martinez@example.com', '1998-12-18', 'salesPass123'),
(9, 1108009, 'Irene Taylor', 'Sales Staff', 3, 'irene.taylor@example.com', '1999-11-08', 'salesPass123'),
(10, 317010, 'Jack Thomas', 'Sales Staff', 3, 'jack.thomas@example.com', '2002-03-17', 'salesPass123'),
(11, 129011, 'Jhayvic Bugtong', 'Admin', NULL, 'jhayvicbugtong@gmail.com', '1995-01-29', '1234'),
(12, 522012, 'Ryan Paulo Magnaye', 'Admin', NULL, 'ryanpaulopogi@gmail.com', '2005-05-22', '1234'),
(13, 1010013, 'Aeron Ortega', 'Admin', NULL, 'aeronpogi@gmail.com', '2008-10-10', '1234'),
(14, 522000, 'Ryan Paulo Magnaye', 'Sales Staff', 2, 'ryanwillalawaysremember@gmail.com', '2005-05-22', 'bantaybata69420'),
(15, 522000, 'Ryan Paulo Magnaye', 'Sales Staff', 2, 'ryanwillalawaysremember@gmail.com', '2005-05-22', 'bantaybata69420'),
(18, 101001, 'j', 'Sales Staff', 2, 'j', '2000-01-01', 'j');

--
-- Indexes for dumped tables
--

--
-- Indexes for table `notification`
--
ALTER TABLE `notification`
  ADD PRIMARY KEY (`norificationID`);

--
-- Indexes for table `sales`
--
ALTER TABLE `sales`
  ADD PRIMARY KEY (`sales_id`);

--
-- Indexes for table `user`
--
ALTER TABLE `user`
  ADD PRIMARY KEY (`user_id`);

--
-- AUTO_INCREMENT for dumped tables
--

--
-- AUTO_INCREMENT for table `notification`
--
ALTER TABLE `notification`
  MODIFY `norificationID` int(11) NOT NULL AUTO_INCREMENT, AUTO_INCREMENT=4;

--
-- AUTO_INCREMENT for table `sales`
--
ALTER TABLE `sales`
  MODIFY `sales_id` int(120) NOT NULL AUTO_INCREMENT, AUTO_INCREMENT=234;

--
-- AUTO_INCREMENT for table `user`
--
ALTER TABLE `user`
  MODIFY `user_id` int(120) NOT NULL AUTO_INCREMENT, AUTO_INCREMENT=19;
COMMIT;

/*!40101 SET CHARACTER_SET_CLIENT=@OLD_CHARACTER_SET_CLIENT */;
/*!40101 SET CHARACTER_SET_RESULTS=@OLD_CHARACTER_SET_RESULTS */;
/*!40101 SET COLLATION_CONNECTION=@OLD_COLLATION_CONNECTION */;
